<?xml version="1.0" encoding="UTF-8"?>
<project-private xmlns="http://www.netbeans.org/ns/project-private/1">
    <editor-bookmarks xmlns="http://www.netbeans.org/ns/editor-bookmarks/2" lastBookmarkId="0"/>
    <open-files xmlns="http://www.netbeans.org/ns/projectui-open-files/2">
        <group name="Group 20230518-04:08:38">
            <file>file:/Users/rayana/Downloads/version5/src/GraphFramework/Edge.java</file>
            <file>file:/Users/rayana/Downloads/version5/src/PhoneNetworkApp/PhoneNWDesignApp.java</file>
        </group>
        <group>
            <file>file:/C:/Users/Lenovo/OneDrive/Documents/NetBeansProjects/Phase1_CPCS324/src/PhoneNetworkApp/PhoneNWDesignApp.java</file>
        </group>
    </open-files>
</project-private>
